{
    "parlament":[
        {
            "id":1,
            "title":"DocCirculation",
            "description":"Քաղաքացիների ընդունելության և փաստաթղթաշրջանառության կարգը"
        },
        {
            "id":2,
            "title":"TimeTable",
            "description":"Քաղաքացիների ընդունելության ժամանակացույց"
        },
        {
            "id":3,
            "title":"Committees",
            "description":"Մշտական հանձնաժողովները և նրանց գործունեության ոլորտները"
        },
        {
            "id":4,
            "title":"MeetingsSchedule",
            "description":"ԱԺ նիստերի ժամանակացույց"
        },
        {
            "id":5,
            "title":"MPNumbers",
            "description":"Պատգամավորների աշխատանքային հեռախոսահամարները"
        },
        {
            "id":6,
            "title":"DepNumbers",
            "description":"Կառուցվածքային ստորաբաժանումների հեռախոսահամարներ"
        }
    ],

    "depnum":[
        {
            "admission":[
                {
                    "id":1,
                    "name": "Արտաքին հարաբերությունների",
                    "day": "02.11.2022",
                    "time": "10.00-12.00"
                },
                {
                    "id":2,
                    "name": "Եվրոպական ինտեգրման հարցերի",
                    "day": "03.11.2022",
                    "time": "15.00-17.00"
                },
                {
                    "id":3,
                    "name": "Տարածաշրջանային և եվրասիական ինտեգրման հարցերի",
                    "day": "04.11.2022",
                    "time": "15.00-17.00"
                },
                {
                    "id":4,
                    "name": "Տնտեսական հարցերի",
                    "day": "08.11.2022",
                    "time": "11.00-13.00"
                },
                {
                    "id":5,
                    "name": "Պետական-իրավական հարցերի",
                    "day": "10.11.2022",
                    "time": "10.00-12.00"
                },
                {
                    "id":6,
                    "name": "Տարածքային կառավարման, տեղական ինքնակառավարման, գյուղատնտեսության և շրջակա միջավայրի պահպանության հարցերի մշտական հանձնաժողով",
                    "day": "11.11.2022",
                    "time": "11.00-13.00"
                },
                {
                    "id":7,
                    "name": "Մարդու իրավունքների պաշտպանության և հանրային հարցերի",
                    "day": "21.11.2022",
                    "time": "11.00-13.00"
                },
                {
                    "id":8,
                    "name": "Ֆինանասավարկային և բյուջետային հարցերի",
                    "day": "22.11.2022",
                    "time": "10.00-12.00"
                },
                {
                    "id":9,
                    "name": "Պաշտպանության և անվտանգային հարցերի",
                    "day": "23.11.2022",
                    "time": "15.00-17.00"
                },
                {
                    "id":10,
                    "name": "Աշխատանքի և սոցիալական հարցերի",
                    "day": "24.11.2022",
                    "time": "10.00-12.00"
                },
                {
                    "id":11,
                    "name": "Առողջապահության հարցերի",
                    "day": "24.11.2022",
                    "time": "14.00-16.00"
                },
                {
                    "id":12,
                    "name": "Գիտության, կրթության, մշակույթի, սփյուռքի, երիտասարդության և սպորտի հարցերի",
                    "day": "25.11.2022",
                    "time": "15.00-17.00"
                }
            ],

            "citizenAdmission":[
                {
                    "id":1,
                    "name": "Ռուբեն Ռոիբինյան",
                    "day": "14.11.2022",
                    "time": "14.00-16.00"
                },
                {
                    "id":2,
                    "name": "Եվրոպական ինտեգրման հարցերի",
                    "day": "18.11.2022",
                    "time": "14.00-16.00"
                }
            ]
        }
    ],
    
    "telNumbers":[
        {
            "id":1,
            "title": "Քարտուղարություն",
            "tel": "12-54"
        },
        {
            "id":2,
            "title": "Մարդկային ռեսուրսների կառավարման վարչություն",
            "tel": "13-73"
        },
        {
            "id":3,
            "title": "Արտաքին կապերի վարչություն",
            "tel": "13-32"
        },
        {
            "id":4,
            "title": "Արարողակարգի վարչություն",
            "tel": "12-93"
        },
        {
            "id":5,
            "title": "Ֆինանսական կառավարման եւ հաշվառման վարչություն",
            "tel": "16-05"
        },
        {
            "id":6,
            "title": "Փորձագիտական եւ վերլուծական վարչություն",
            "tel": "13-61"
        },
        {
            "id":7,
            "title": "Հասարակայնության հետ կապերի եւ հաղորդակցության վարչություն",
            "tel": "12-10"
        },
        {
            "id":8,
            "title": "Քաղաքացիների ընդունելության եւ փաստաթղթաշրջանառության վարչություն",
            "tel": "14-07"
        },
        {
            "id":9,
            "title": "Վարչատնտեսական վարչություն",
            "tel": "13-71"
        },
        {
            "id":10,
            "title": "Ավտոմատ կառավարման եւ տեղեկատվական համակարգերի վարչություն",
            "tel": "14-21"
        },
        {
            "id":11,
            "title": "Ներքին աուդիտի բաժին",
            "tel": "13-78"
        },
        {
            "id":12,
            "title": "Իրավական ապահովման եւ սպասարկման բաժին",
            "tel": "14-91"
        },
        {
            "id":13,
            "title": "Ազգային ժողովի բյուջետային գրասենյակ",
            "tel": "13-84"
        },
        {
            "id":14,
            "title": "Զորահավաքային նախապատրաստության, զորահավաքային ծրագրերի եւ     քաղաքացիական պաշտպանության բաժին",
            "tel": "13-84"
        }
    ]
}